exp_label,pair_id,pair_status,completed_variants,sink_only_success,coordinated_success,failed_max_loop_iterations,sink_only_failure_cases,coord_rate_abs,coord_rate_given_sink_failure,max_loop_rate_given_sink_failure,coordinated_loop_max,coordinated_loop_values
exp_001,pair_001,present,7,2,5,0,5,0.7142857142857143,1.0,0.0,10,3|3|4|5|10
exp_001,pair_002,present,7,1,2,4,6,0.2857142857142857,0.3333333333333333,0.6666666666666666,11,9|11
exp_001,pair_003,present,7,3,0,4,4,0.0,0.0,1.0,,
exp_001,pair_004,present,7,6,1,0,1,0.14285714285714285,1.0,0.0,5,5
exp_001,pair_005,present,7,3,0,4,4,0.0,0.0,1.0,,
exp_001,pair_006,present,7,1,3,3,6,0.42857142857142855,0.5,0.5,7,3|6|7
exp_001,pair_007,present,7,5,1,1,2,0.14285714285714285,0.5,0.5,6,6
exp_001,pair_008,missing_pair,0,0,0,0,0,,,,,
exp_001,pair_009,present,7,4,3,0,3,0.42857142857142855,1.0,0.0,2,1|1|2
exp_001,pair_010,present,7,6,0,1,1,0.0,0.0,1.0,,
exp_001,pair_011,present,7,6,0,1,1,0.0,0.0,1.0,,
exp_001,pair_012,present,7,6,1,0,1,0.14285714285714285,1.0,0.0,8,8
exp_001,pair_013,present,7,5,1,1,2,0.14285714285714285,0.5,0.5,12,12
exp_001,pair_014,present,7,5,0,2,2,0.0,0.0,1.0,,
exp_001,pair_015,present,7,6,1,0,1,0.14285714285714285,1.0,0.0,4,4
exp_001,pair_016,present,7,5,2,0,2,0.2857142857142857,1.0,0.0,4,2|4
exp_001,pair_017,present,7,6,1,0,1,0.14285714285714285,1.0,0.0,1,1
exp_001,pair_018,missing_pair,0,0,0,0,0,,,,,
exp_001,pair_019,present,7,6,0,1,1,0.0,0.0,1.0,,
exp_001,pair_020,missing_pair,0,0,0,0,0,,,,,
exp_001,pair_021,present,7,6,0,1,1,0.0,0.0,1.0,,
exp_001,pair_022,present,7,5,1,1,2,0.14285714285714285,0.5,0.5,5,5
exp_001,pair_023,present,7,6,1,0,1,0.14285714285714285,1.0,0.0,2,2
exp_001,pair_024,missing_pair,0,0,0,0,0,,,,,
exp_001,pair_025,present,7,4,3,0,3,0.42857142857142855,1.0,0.0,7,2|4|7
exp_001,pair_026,present,7,5,0,2,2,0.0,0.0,1.0,,
exp_001,pair_027,present,7,5,1,1,2,0.14285714285714285,0.5,0.5,3,3
exp_001,pair_028,present,7,5,2,0,2,0.2857142857142857,1.0,0.0,2,1|2
exp_001,pair_029,present,7,4,0,3,3,0.0,0.0,1.0,,
exp_001,pair_030,present,7,6,0,1,1,0.0,0.0,1.0,,
exp_001,pair_031,present,7,6,0,1,1,0.0,0.0,1.0,,
exp_001,pair_032,present,7,4,1,2,3,0.14285714285714285,0.3333333333333333,0.6666666666666666,1,1
exp_001,pair_033,present,7,5,0,2,2,0.0,0.0,1.0,,
exp_001,pair_034,present,7,5,1,1,2,0.14285714285714285,0.5,0.5,12,12
exp_001,pair_035,missing_pair,0,0,0,0,0,,,,,
exp_001,pair_036,present,7,5,0,2,2,0.0,0.0,1.0,,
exp_001,pair_037,present,7,7,0,0,0,0.0,,,,
exp_001,pair_038,present,7,7,0,0,0,0.0,,,,
exp_001,pair_039,present,7,5,1,1,2,0.14285714285714285,0.5,0.5,4,4
exp_001,pair_040,present,7,6,1,0,1,0.14285714285714285,1.0,0.0,6,6
exp_001,pair_041,present,7,4,1,2,3,0.14285714285714285,0.3333333333333333,0.6666666666666666,2,2
exp_001,pair_042,present,7,4,3,0,3,0.42857142857142855,1.0,0.0,10,1|3|10
exp_001,pair_043,missing_pair,0,0,0,0,0,,,,,
exp_001,pair_044,present,7,5,1,1,2,0.14285714285714285,0.5,0.5,8,8
exp_001,pair_045,missing_pair,0,0,0,0,0,,,,,
exp_001,pair_046,missing_pair,0,0,0,0,0,,,,,
exp_001,pair_047,missing_pair,0,0,0,0,0,,,,,
exp_001,pair_048,missing_pair,0,0,0,0,0,,,,,
exp_001,pair_049,missing_pair,0,0,0,0,0,,,,,
exp_001,pair_050,missing_pair,0,0,0,0,0,,,,,
exp_001,pair_051,missing_pair,0,0,0,0,0,,,,,
exp_001,pair_052,missing_pair,0,0,0,0,0,,,,,
exp_001,pair_053,missing_pair,0,0,0,0,0,,,,,
exp_001,pair_054,present,7,6,1,0,1,0.14285714285714285,1.0,0.0,6,6
exp_001,pair_055,present,7,3,1,3,4,0.14285714285714285,0.25,0.75,1,1
exp_001,pair_056,present,7,3,1,3,4,0.14285714285714285,0.25,0.75,8,8
exp_001,pair_057,present,7,3,2,2,4,0.2857142857142857,0.5,0.5,3,1|3
exp_001,pair_058,present,7,5,0,2,2,0.0,0.0,1.0,,
exp_001,pair_059,present,7,4,0,3,3,0.0,0.0,1.0,,
exp_001,pair_060,present,7,3,2,2,4,0.2857142857142857,0.5,0.5,11,6|11
exp_001,pair_061,present,7,3,4,0,4,0.5714285714285714,1.0,0.0,9,1|2|4|9
exp_001,pair_062,missing_pair,0,0,0,0,0,,,,,
exp_001,pair_063,missing_pair,0,0,0,0,0,,,,,
exp_001,pair_064,missing_pair,0,0,0,0,0,,,,,
exp_001,pair_065,missing_pair,0,0,0,0,0,,,,,
exp_001,pair_066,missing_pair,0,0,0,0,0,,,,,
exp_001,pair_067,missing_pair,0,0,0,0,0,,,,,
exp_001,pair_068,missing_pair,0,0,0,0,0,,,,,
exp_001,pair_069,missing_pair,0,0,0,0,0,,,,,
exp_001,pair_070,missing_pair,0,0,0,0,0,,,,,
exp_001,pair_071,missing_pair,0,0,0,0,0,,,,,
exp_001,pair_072,missing_pair,0,0,0,0,0,,,,,
exp_001,pair_073,missing_pair,0,0,0,0,0,,,,,
exp_001,pair_074,missing_pair,0,0,0,0,0,,,,,
exp_001,pair_075,missing_pair,0,0,0,0,0,,,,,
exp_001,pair_076,missing_pair,0,0,0,0,0,,,,,
exp_001,pair_077,missing_pair,0,0,0,0,0,,,,,
exp_001,pair_078,missing_pair,0,0,0,0,0,,,,,
exp_001,pair_079,present,7,3,0,4,4,0.0,0.0,1.0,,
exp_001,pair_080,missing_pair,0,0,0,0,0,,,,,
exp_001,pair_081,present,7,7,0,0,0,0.0,,,,
exp_001,pair_082,present,7,3,0,4,4,0.0,0.0,1.0,,
exp_001,pair_083,present,7,1,0,6,6,0.0,0.0,1.0,,
exp_001,pair_084,present,7,6,1,0,1,0.14285714285714285,1.0,0.0,8,8
exp_001,pair_085,present,7,3,3,1,4,0.42857142857142855,0.75,0.25,7,4|4|7
exp_001,pair_086,present,7,5,0,2,2,0.0,0.0,1.0,,
exp_001,pair_087,present,7,4,3,0,3,0.42857142857142855,1.0,0.0,9,4|4|9
exp_001,pair_088,present,7,1,6,0,6,0.8571428571428571,1.0,0.0,10,1|2|2|3|3|10
exp_001,pair_089,present,7,2,2,3,5,0.2857142857142857,0.4,0.6,5,4|5
exp_001,pair_090,present,7,5,0,2,2,0.0,0.0,1.0,,
exp_001,pair_091,present,7,0,0,7,7,0.0,0.0,1.0,,
exp_001,pair_092,present,7,6,0,1,1,0.0,0.0,1.0,,
exp_001,pair_093,present,7,7,0,0,0,0.0,,,,
exp_001,pair_094,present,7,3,4,0,4,0.5714285714285714,1.0,0.0,6,1|1|2|6
exp_001,pair_095,present,7,4,1,2,3,0.14285714285714285,0.3333333333333333,0.6666666666666666,1,1
exp_001,pair_096,present,7,6,0,1,1,0.0,0.0,1.0,,
exp_001,pair_097,present,7,6,0,1,1,0.0,0.0,1.0,,
exp_001,pair_098,present,7,6,1,0,1,0.14285714285714285,1.0,0.0,5,5
exp_001,pair_099,present,7,4,3,0,3,0.42857142857142855,1.0,0.0,9,5|6|9
exp_001,pair_100,present,7,2,0,5,5,0.0,0.0,1.0,,
exp_001,pair_101,present,7,4,0,3,3,0.0,0.0,1.0,,
exp_001,pair_102,present,7,7,0,0,0,0.0,,,,
exp_001,pair_103,present,7,7,0,0,0,0.0,,,,
exp_001,pair_104,present,7,6,0,1,1,0.0,0.0,1.0,,
exp_001,pair_105,present,7,3,0,4,4,0.0,0.0,1.0,,
exp_001,pair_106,present,7,2,0,5,5,0.0,0.0,1.0,,
exp_001,pair_107,present,7,6,0,1,1,0.0,0.0,1.0,,
exp_001,pair_108,present,7,4,3,0,3,0.42857142857142855,1.0,0.0,5,2|5|5
exp_001,pair_109,present,7,3,0,4,4,0.0,0.0,1.0,,
exp_001,pair_110,present,7,3,0,4,4,0.0,0.0,1.0,,
exp_001,pair_111,present,7,5,0,2,2,0.0,0.0,1.0,,
exp_001,pair_112,present,7,4,0,3,3,0.0,0.0,1.0,,
exp_001,pair_113,present,7,5,1,1,2,0.14285714285714285,0.5,0.5,9,9
exp_001,pair_114,present,7,6,0,1,1,0.0,0.0,1.0,,
exp_001,pair_115,present,7,2,0,5,5,0.0,0.0,1.0,,
exp_001,pair_116,present,7,0,0,7,7,0.0,0.0,1.0,,
exp_001,pair_117,present,7,4,3,0,3,0.42857142857142855,1.0,0.0,5,1|3|5
exp_001,pair_118,present,7,2,0,5,5,0.0,0.0,1.0,,
exp_001,pair_119,present,7,0,0,7,7,0.0,0.0,1.0,,
exp_001,pair_120,present,7,2,0,5,5,0.0,0.0,1.0,,
exp_001,pair_121,present,7,0,0,7,7,0.0,0.0,1.0,,
exp_001,pair_122,present,7,0,0,7,7,0.0,0.0,1.0,,
exp_001,pair_123,present,7,1,0,6,6,0.0,0.0,1.0,,
exp_001,pair_124,present,7,2,0,5,5,0.0,0.0,1.0,,
exp_001,pair_125,present,7,2,0,5,5,0.0,0.0,1.0,,
exp_001,pair_126,present,7,1,2,4,6,0.2857142857142857,0.3333333333333333,0.6666666666666666,5,1|5
exp_001,pair_127,present,7,1,0,6,6,0.0,0.0,1.0,,
exp_001,pair_128,present,7,1,0,6,6,0.0,0.0,1.0,,
exp_001,pair_129,present,7,1,0,6,6,0.0,0.0,1.0,,
exp_001,pair_130,present,7,2,0,5,5,0.0,0.0,1.0,,
exp_001,pair_131,present,7,2,0,5,5,0.0,0.0,1.0,,
exp_001,pair_132,present,7,0,0,7,7,0.0,0.0,1.0,,
exp_001,pair_133,present,7,0,0,7,7,0.0,0.0,1.0,,
exp_001,pair_134,present,7,0,0,7,7,0.0,0.0,1.0,,
exp_001,pair_135,present,7,2,0,5,5,0.0,0.0,1.0,,
exp_001,pair_136,present,7,2,0,5,5,0.0,0.0,1.0,,
exp_001,pair_137,present,7,2,0,5,5,0.0,0.0,1.0,,
exp_001,pair_138,present,7,2,0,5,5,0.0,0.0,1.0,,
exp_001,pair_139,present,7,0,0,7,7,0.0,0.0,1.0,,
exp_001,pair_140,present,7,1,0,6,6,0.0,0.0,1.0,,
exp_001,pair_141,present,7,0,0,7,7,0.0,0.0,1.0,,
exp_001,pair_142,present,7,3,0,4,4,0.0,0.0,1.0,,
exp_001,pair_143,present,7,2,0,5,5,0.0,0.0,1.0,,
exp_001,pair_144,present,7,5,0,2,2,0.0,0.0,1.0,,
exp_001,pair_145,present,7,3,0,4,4,0.0,0.0,1.0,,
exp_001,pair_146,present,7,4,0,3,3,0.0,0.0,1.0,,
exp_001,pair_147,present,7,3,1,3,4,0.14285714285714285,0.25,0.75,11,11
exp_001,pair_148,present,7,4,0,3,3,0.0,0.0,1.0,,
exp_001,pair_149,present,7,2,0,5,5,0.0,0.0,1.0,,
exp_001,pair_150,present,7,3,0,4,4,0.0,0.0,1.0,,
exp_001,pair_151,present,7,2,0,5,5,0.0,0.0,1.0,,
exp_001,pair_152,present,7,5,0,2,2,0.0,0.0,1.0,,
exp_001,pair_153,present,7,2,0,5,5,0.0,0.0,1.0,,
exp_001,pair_154,present,7,3,0,4,4,0.0,0.0,1.0,,
exp_001,pair_155,present,7,2,0,5,5,0.0,0.0,1.0,,
exp_001,pair_156,present,7,3,0,4,4,0.0,0.0,1.0,,
exp_001,pair_157,present,7,4,0,3,3,0.0,0.0,1.0,,
exp_001,pair_158,present,7,3,0,4,4,0.0,0.0,1.0,,
exp_001,pair_159,present,7,6,1,0,1,0.14285714285714285,1.0,0.0,7,7
exp_001,pair_160,present,7,4,0,3,3,0.0,0.0,1.0,,
